Description,Scientific Name,Max Score,Total Score,Query Cover,E value,Per. ident,Acc. Len,Accession  
RecName: Full=Major prion protein; Short=PrP; AltName: Full=ASCR; AltName: Full=PrP27-30; AltName: Full=PrP33-35C; AltName: CD_antigen=CD230; Flags: Precursor [Homo sapiens],Homo sapiens,304,304,93%,9e-104,99.15,253,"=HYPERLINK(""https://www.ncbi.nlm.nih.gov/protein/P04156.1?report=genbank&log$=prottop&blast_rank=1&RID=8F3FF5XD013"",""P04156.1"")"
RecName: Full=Major prion protein; Short=PrP; AltName: Full=PrP27-30; AltName: Full=PrP33-35C; AltName: CD_antigen=CD230; Flags: Precursor [Gorilla gorilla gorilla],Gorilla gorilla gorilla,303,303,93%,3e-103,98.73,253,"=HYPERLINK(""https://www.ncbi.nlm.nih.gov/protein/P40252.1?report=genbank&log$=prottop&blast_rank=2&RID=8F3FF5XD013"",""P40252.1"")"
RecName: Full=Major prion protein; Short=PrP; AltName: Full=PrP27-30; AltName: Full=PrP33-35C; AltName: CD_antigen=CD230; Flags: Precursor [Hylobates lar],Hylobates lar,301,301,93%,1e-102,98.31,253,"=HYPERLINK(""https://www.ncbi.nlm.nih.gov/protein/P61766.1?report=genbank&log$=prottop&blast_rank=3&RID=8F3FF5XD013"",""P61766.1"")"
RecName: Full=Major prion protein; Short=PrP; AltName: Full=PrP27-30; AltName: Full=PrP33-35C; AltName: CD_antigen=CD230; Flags: Precursor [Pongo pygmaeus],Pongo pygmaeus,295,295,93%,2e-100,97.03,253,"=HYPERLINK(""https://www.ncbi.nlm.nih.gov/protein/P40256.1?report=genbank&log$=prottop&blast_rank=4&RID=8F3FF5XD013"",""P40256.1"")"
RecName: Full=Major prion protein; Short=PrP; AltName: Full=PrP27-30; AltName: Full=PrP33-35C; AltName: CD_antigen=CD230; Flags: Precursor [Colobus guereza],Colobus guereza,294,294,93%,9e-100,96.19,253,"=HYPERLINK(""https://www.ncbi.nlm.nih.gov/protein/P40251.1?report=genbank&log$=prottop&blast_rank=5&RID=8F3FF5XD013"",""P40251.1"")"
RecName: Full=Major prion protein; Short=PrP; AltName: Full=PrP27-30; AltName: Full=PrP33-35C; AltName: CD_antigen=CD230; Flags: Precursor [Trachypithecus francoisi],Trachypithecus francoisi,292,292,93%,4e-99,95.76,253,"=HYPERLINK(""https://www.ncbi.nlm.nih.gov/protein/P40257.2?report=genbank&log$=prottop&blast_rank=6&RID=8F3FF5XD013"",""P40257.2"")"
RecName: Full=Major prion protein; Short=PrP; AltName: Full=PrP27-30; AltName: Full=PrP33-35C; AltName: CD_antigen=CD230; Flags: Precursor [Macaca fascicularis],Macaca fascicularis,290,290,93%,3e-98,95.34,253,"=HYPERLINK(""https://www.ncbi.nlm.nih.gov/protein/P67992.1?report=genbank&log$=prottop&blast_rank=7&RID=8F3FF5XD013"",""P67992.1"")"
RecName: Full=Major prion protein; Short=PrP; AltName: Full=PrP27-30; AltName: Full=PrP33-35C; AltName: CD_antigen=CD230; Flags: Precursor [Chlorocebus aethiops],Chlorocebus aethiops,285,285,93%,3e-96,90.68,245,"=HYPERLINK(""https://www.ncbi.nlm.nih.gov/protein/P67988.1?report=genbank&log$=prottop&blast_rank=8&RID=8F3FF5XD013"",""P67988.1"")"
RecName: Full=Major prion protein; Short=PrP; AltName: Full=PrP27-30; AltName: Full=PrP33-35C; AltName: CD_antigen=CD230; Flags: Precursor [Ateles paniscus],Ateles paniscus,285,285,93%,4e-96,83.05,252,"=HYPERLINK(""https://www.ncbi.nlm.nih.gov/protein/P51446.1?report=genbank&log$=prottop&blast_rank=9&RID=8F3FF5XD013"",""P51446.1"")"
RecName: Full=Major prion protein; Short=PrP; AltName: Full=PrP27-30; AltName: Full=PrP33-35C; AltName: CD_antigen=CD230; Flags: Precursor [Callithrix jacchus],Callithrix jacchus,284,284,93%,4e-96,83.05,252,"=HYPERLINK(""https://www.ncbi.nlm.nih.gov/protein/P40247.1?report=genbank&log$=prottop&blast_rank=10&RID=8F3FF5XD013"",""P40247.1"")"
RecName: Full=Major prion protein; Short=PrP; AltName: Full=PrP27-30; AltName: Full=PrP33-35C; AltName: CD_antigen=CD230; Flags: Precursor [Saimiri sciureus],Saimiri sciureus,284,284,93%,6e-96,90.95,260,"=HYPERLINK(""https://www.ncbi.nlm.nih.gov/protein/P40258.1?report=genbank&log$=prottop&blast_rank=11&RID=8F3FF5XD013"",""P40258.1"")"
RecName: Full=Major prion protein; Short=PrP; AltName: Full=PrP27-30; AltName: Full=PrP33-35C; AltName: CD_antigen=CD230; Flags: Precursor [Sapajus apella],Sapajus apella,284,284,93%,7e-96,82.63,252,"=HYPERLINK(""https://www.ncbi.nlm.nih.gov/protein/P40249.1?report=genbank&log$=prottop&blast_rank=12&RID=8F3FF5XD013"",""P40249.1"")"
RecName: Full=Major prion protein; Short=PrP; AltName: Full=PrP27-30; AltName: Full=PrP33-35C; AltName: CD_antigen=CD230; Flags: Precursor [Cercopithecus mona],Cercopithecus mona,274,274,90%,5e-92,95.20,246,"=HYPERLINK(""https://www.ncbi.nlm.nih.gov/protein/P61761.1?report=genbank&log$=prottop&blast_rank=13&RID=8F3FF5XD013"",""P61761.1"")"
RecName: Full=Major prion protein; Short=PrP; AltName: Full=PrP27-30; AltName: Full=PrP33-35C; AltName: CD_antigen=CD230; Flags: Precursor [Plecturocebus moloch],Plecturocebus moloch,273,273,90%,1e-91,95.20,241,"=HYPERLINK(""https://www.ncbi.nlm.nih.gov/protein/P40248.1?report=genbank&log$=prottop&blast_rank=14&RID=8F3FF5XD013"",""P40248.1"")"
RecName: Full=Major prion protein; Short=PrP; AltName: Full=PrP27-30; AltName: Full=PrP33-35C; AltName: CD_antigen=CD230; Flags: Precursor [Erythrocebus patas],Erythrocebus patas,273,273,90%,2e-91,94.76,246,"=HYPERLINK(""https://www.ncbi.nlm.nih.gov/protein/Q95174.1?report=genbank&log$=prottop&blast_rank=15&RID=8F3FF5XD013"",""Q95174.1"")"
RecName: Full=Major prion protein; Short=PrP; AltName: Full=PrP27-30; AltName: Full=PrP33-35C; AltName: CD_antigen=CD230; Flags: Precursor [Ateles geoffroyi],Ateles geoffroyi,272,272,90%,2e-91,81.66,232,"=HYPERLINK(""https://www.ncbi.nlm.nih.gov/protein/P40246.1?report=genbank&log$=prottop&blast_rank=16&RID=8F3FF5XD013"",""P40246.1"")"
RecName: Full=Major prion protein; Short=PrP; AltName: Full=PrP27-30; AltName: Full=PrP33-35C; AltName: CD_antigen=CD230; Flags: Precursor [Mandrillus sphinx],Mandrillus sphinx,272,272,90%,2e-91,94.76,241,"=HYPERLINK(""https://www.ncbi.nlm.nih.gov/protein/P40255.1?report=genbank&log$=prottop&blast_rank=17&RID=8F3FF5XD013"",""P40255.1"")"
RecName: Full=Major prion protein; Short=PrP; AltName: Full=PrP27-30; AltName: Full=PrP33-35C; AltName: CD_antigen=CD230; Flags: Precursor [Cercocebus atys],Cercocebus atys,272,272,90%,2e-91,94.76,246,"=HYPERLINK(""https://www.ncbi.nlm.nih.gov/protein/Q95176.1?report=genbank&log$=prottop&blast_rank=18&RID=8F3FF5XD013"",""Q95176.1"")"
RecName: Full=Major prion protein; Short=PrP; AltName: Full=PrP27-30; AltName: Full=PrP33-35C; AltName: CD_antigen=CD230; Flags: Precursor [Lophocebus aterrimus],Lophocebus aterrimus,270,270,90%,2e-90,90.83,238,"=HYPERLINK(""https://www.ncbi.nlm.nih.gov/protein/P67990.1?report=genbank&log$=prottop&blast_rank=19&RID=8F3FF5XD013"",""P67990.1"")"
RecName: Full=Major prion protein; Short=PrP; AltName: Full=PrP27-30; AltName: Full=PrP33-35C; AltName: CD_antigen=CD230; Flags: Precursor [Aotus trivirgatus],Aotus trivirgatus,270,270,90%,2e-90,82.10,239,"=HYPERLINK(""https://www.ncbi.nlm.nih.gov/protein/P40245.1?report=genbank&log$=prottop&blast_rank=20&RID=8F3FF5XD013"",""P40245.1"")"
RecName: Full=Major prion protein; Short=PrP; AltName: CD_antigen=CD230; Flags: Precursor [Budorcas taxicolor],Budorcas taxicolor,270,270,92%,3e-90,88.56,256,"=HYPERLINK(""https://www.ncbi.nlm.nih.gov/protein/Q95M08.1?report=genbank&log$=prottop&blast_rank=21&RID=8F3FF5XD013"",""Q95M08.1"")"
RecName: Full=Major prion protein; Short=PrP; AltName: CD_antigen=CD230; Flags: Precursor [Rupicapra rupicapra],Rupicapra rupicapra,268,268,92%,1e-89,88.14,256,"=HYPERLINK(""https://www.ncbi.nlm.nih.gov/protein/Q5XVM4.1?report=genbank&log$=prottop&blast_rank=22&RID=8F3FF5XD013"",""Q5XVM4.1"")"
RecName: Full=Major prion protein; Short=PrP; AltName: Full=PrP27-30; AltName: Full=PrP33-35C; AltName: CD_antigen=CD230; Flags: Precursor [Theropithecus gelada],Theropithecus gelada,267,267,90%,2e-89,89.96,238,"=HYPERLINK(""https://www.ncbi.nlm.nih.gov/protein/Q95270.1?report=genbank&log$=prottop&blast_rank=23&RID=8F3FF5XD013"",""Q95270.1"")"
RecName: Full=Major prion protein; Short=PrP; AltName: CD_antigen=CD230; Flags: Precursor [Moschus chrysogaster],Moschus chrysogaster,267,267,92%,2e-89,87.71,256,"=HYPERLINK(""https://www.ncbi.nlm.nih.gov/protein/Q68G95.1?report=genbank&log$=prottop&blast_rank=24&RID=8F3FF5XD013"",""Q68G95.1"")"
RecName: Full=Major prion protein; Short=PrP; AltName: CD_antigen=CD230; Flags: Precursor [Capra hircus],Capra hircus,267,267,92%,2e-89,88.14,256,"=HYPERLINK(""https://www.ncbi.nlm.nih.gov/protein/P52113.1?report=genbank&log$=prottop&blast_rank=25&RID=8F3FF5XD013"",""P52113.1"")"
RecName: Full=Major prion protein; Short=PrP; AltName: CD_antigen=CD230; Flags: Precursor [Ovis aries],Ovis aries,267,267,92%,4e-89,88.14,256,"=HYPERLINK(""https://www.ncbi.nlm.nih.gov/protein/P23907.1?report=genbank&log$=prottop&blast_rank=26&RID=8F3FF5XD013"",""P23907.1"")"
RecName: Full=Major prion protein; Short=PrP; AltName: CD_antigen=CD230; Flags: Precursor [Cervus canadensis nelsoni],Cervus canadensis nelsoni,266,266,92%,9e-89,87.71,256,"=HYPERLINK(""https://www.ncbi.nlm.nih.gov/protein/P67986.1?report=genbank&log$=prottop&blast_rank=27&RID=8F3FF5XD013"",""P67986.1"")"
RecName: Full=Major prion protein; Short=PrP; AltName: CD_antigen=CD230; Flags: Precursor [Odocoileus hemionus],Odocoileus hemionus,266,266,92%,1e-88,87.71,256,"=HYPERLINK(""https://www.ncbi.nlm.nih.gov/protein/P47852.1?report=genbank&log$=prottop&blast_rank=28&RID=8F3FF5XD013"",""P47852.1"")"
RecName: Full=Major prion protein; Short=PrP; AltName: CD_antigen=CD230; Flags: Precursor [Sigmodon hispidus],Sigmodon hispidus,264,264,93%,4e-88,90.30,254,"=HYPERLINK(""https://www.ncbi.nlm.nih.gov/protein/Q9Z0T3.1?report=genbank&log$=prottop&blast_rank=29&RID=8F3FF5XD013"",""Q9Z0T3.1"")"
RecName: Full=Major prion protein; Short=PrP; AltName: CD_antigen=CD230; Flags: Precursor [Felis catus],Felis catus,263,263,92%,2e-87,86.86,256,"=HYPERLINK(""https://www.ncbi.nlm.nih.gov/protein/O18754.3?report=genbank&log$=prottop&blast_rank=30&RID=8F3FF5XD013"",""O18754.3"")"
RecName: Full=Major prion protein; Short=PrP; AltName: Full=PrP27-30; AltName: Full=PrP33-35C; AltName: CD_antigen=CD230; Flags: Precursor [Cricetulus griseus],Cricetulus griseus,261,261,93%,8e-87,89.45,254,"=HYPERLINK(""https://www.ncbi.nlm.nih.gov/protein/Q60506.1?report=genbank&log$=prottop&blast_rank=31&RID=8F3FF5XD013"",""Q60506.1"")"
RecName: Full=Major prion protein; Short=PrP; AltName: Full=PrP27-30; AltName: Full=PrP33-35C; AltName: CD_antigen=CD230; Flags: Precursor [Cricetulus migratorius],Cricetulus migratorius,260,260,93%,2e-86,89.03,254,"=HYPERLINK(""https://www.ncbi.nlm.nih.gov/protein/Q60468.1?report=genbank&log$=prottop&blast_rank=32&RID=8F3FF5XD013"",""Q60468.1"")"
RecName: Full=Major prion protein; Short=PrP; AltName: CD_antigen=CD230; Flags: Precursor [Rattus norvegicus],Rattus norvegicus,258,258,93%,1e-85,88.19,254,"=HYPERLINK(""https://www.ncbi.nlm.nih.gov/protein/P13852.2?report=genbank&log$=prottop&blast_rank=33&RID=8F3FF5XD013"",""P13852.2"")"
RecName: Full=Major prion protein; Short=PrP; AltName: Full=PrP27-30; AltName: Full=PrP33-35C; AltName: CD_antigen=CD230; Flags: Precursor [Mus musculus],Mus musculus,257,257,93%,2e-85,76.05,254,"=HYPERLINK(""https://www.ncbi.nlm.nih.gov/protein/P04925.2?report=genbank&log$=prottop&blast_rank=34&RID=8F3FF5XD013"",""P04925.2"")"
RecName: Full=Major prion protein; Short=PrP; AltName: Full=PrP27-30; AltName: Full=PrP33-35C; AltName: CD_antigen=CD230; Flags: Precursor [Mesocricetus auratus],Mesocricetus auratus,257,257,93%,2e-85,88.61,254,"=HYPERLINK(""https://www.ncbi.nlm.nih.gov/protein/P04273.1?report=genbank&log$=prottop&blast_rank=35&RID=8F3FF5XD013"",""P04273.1"")"
RecName: Full=Major prion protein 2; Short=PrP; AltName: Full=Major scrapie-associated fibril protein 2; AltName: CD_antigen=CD230; Flags: Precursor [Tragelaphus strepsiceros],Tragelaphus strepsiceros,255,255,92%,1e-84,86.86,256,"=HYPERLINK(""https://www.ncbi.nlm.nih.gov/protein/P40243.1?report=genbank&log$=prottop&blast_rank=36&RID=8F3FF5XD013"",""P40243.1"")"
RecName: Full=Major prion protein; Short=PrP; AltName: CD_antigen=CD230; Flags: Precursor [Canis lupus familiaris],Canis lupus familiaris,253,253,92%,7e-84,85.17,255,"=HYPERLINK(""https://www.ncbi.nlm.nih.gov/protein/O46501.1?report=genbank&log$=prottop&blast_rank=37&RID=8F3FF5XD013"",""O46501.1"")"
RecName: Full=Major prion protein; Short=PrP; AltName: Full=PrP27-30; AltName: Full=PrP33-35C; AltName: CD_antigen=CD230; Flags: Precursor [Oryctolagus cuniculus],Oryctolagus cuniculus,252,252,93%,2e-83,75.11,252,"=HYPERLINK(""https://www.ncbi.nlm.nih.gov/protein/Q95211.1?report=genbank&log$=prottop&blast_rank=38&RID=8F3FF5XD013"",""Q95211.1"")"
RecName: Full=Major prion protein; Short=PrP; AltName: Full=PrP27-30; AltName: Full=PrP33-35C; AltName: CD_antigen=CD230; Flags: Precursor [Neogale vison],Neogale vison,244,244,92%,2e-80,84.39,257,"=HYPERLINK(""https://www.ncbi.nlm.nih.gov/protein/P40244.1?report=genbank&log$=prottop&blast_rank=39&RID=8F3FF5XD013"",""P40244.1"")"
RecName: Full=Major prion protein; Short=PrP; AltName: CD_antigen=CD230; Flags: Precursor [Sus scrofa],Sus scrofa,243,243,92%,6e-80,84.81,257,"=HYPERLINK(""https://www.ncbi.nlm.nih.gov/protein/P49927.1?report=genbank&log$=prottop&blast_rank=40&RID=8F3FF5XD013"",""P49927.1"")"
RecName: Full=Major prion protein; Short=PrP; AltName: CD_antigen=CD230; Flags: Precursor [Camelus dromedarius],Camelus dromedarius,242,242,92%,2e-79,87.29,255,"=HYPERLINK(""https://www.ncbi.nlm.nih.gov/protein/P79141.1?report=genbank&log$=prottop&blast_rank=41&RID=8F3FF5XD013"",""P79141.1"")"
RecName: Full=Major prion protein; Short=PrP; AltName: Full=PrP27-30; AltName: Full=PrP33-35C; AltName: CD_antigen=CD230; Flags: Precursor [Mustela putorius furo],Mustela putorius furo,241,241,92%,6e-79,83.54,257,"=HYPERLINK(""https://www.ncbi.nlm.nih.gov/protein/P52114.1?report=genbank&log$=prottop&blast_rank=42&RID=8F3FF5XD013"",""P52114.1"")"
RecName: Full=Major prion protein; Short=PrP; AltName: CD_antigen=CD230; Flags: Precursor [Boselaphus tragocamelus],Boselaphus tragocamelus,240,240,92%,2e-78,81.56,264,"=HYPERLINK(""https://www.ncbi.nlm.nih.gov/protein/Q5UJG7.1?report=genbank&log$=prottop&blast_rank=43&RID=8F3FF5XD013"",""Q5UJG7.1"")"
RecName: Full=Major prion protein; Short=PrP; AltName: CD_antigen=CD230; Flags: Precursor [Vulpes lagopus],Vulpes lagopus,238,238,92%,1e-77,83.12,257,"=HYPERLINK(""https://www.ncbi.nlm.nih.gov/protein/B0FYL5.1?report=genbank&log$=prottop&blast_rank=44&RID=8F3FF5XD013"",""B0FYL5.1"")"
RecName: Full=Major prion protein; Short=PrP; AltName: CD_antigen=CD230; Flags: Precursor [Bubalus bubalis],Bubalus bubalis,233,233,92%,2e-75,80.49,264,"=HYPERLINK(""https://www.ncbi.nlm.nih.gov/protein/Q5UJH8.1?report=genbank&log$=prottop&blast_rank=45&RID=8F3FF5XD013"",""Q5UJH8.1"")"
RecName: Full=Major prion protein; Short=PrP; AltName: CD_antigen=CD230; Flags: Precursor [Antilope cervicapra],Antilope cervicapra,199,293,75%,2e-62,90.14,264,"=HYPERLINK(""https://www.ncbi.nlm.nih.gov/protein/Q5UJG1.1?report=genbank&log$=prottop&blast_rank=46&RID=8F3FF5XD013"",""Q5UJG1.1"")"
RecName: Full=Major prion protein; Short=PrP; AltName: Full=Major scrapie-associated fibril protein 1; AltName: CD_antigen=CD230; Flags: Precursor [Bos indicus x Bos taurus],Bos indicus x Bos taurus,193,287,73%,4e-60,90.58,264,"=HYPERLINK(""https://www.ncbi.nlm.nih.gov/protein/B5SY89.2?report=genbank&log$=prottop&blast_rank=47&RID=8F3FF5XD013"",""B5SY89.2"")"
RecName: Full=Major prion protein; Short=PrP; AltName: CD_antigen=CD230; Flags: Precursor [Ailuropoda melanoleuca],Ailuropoda melanoleuca,193,284,73%,4e-60,90.58,264,"=HYPERLINK(""https://www.ncbi.nlm.nih.gov/protein/Q6EH52.1?report=genbank&log$=prottop&blast_rank=48&RID=8F3FF5XD013"",""Q6EH52.1"")"
RecName: Full=Major prion protein 1; Short=PrP; AltName: Full=Major scrapie-associated fibril protein 1; AltName: CD_antigen=CD230; Flags: Precursor [Tragelaphus strepsiceros],Tragelaphus strepsiceros,191,283,73%,2e-59,89.86,264,"=HYPERLINK(""https://www.ncbi.nlm.nih.gov/protein/P40242.1?report=genbank&log$=prottop&blast_rank=49&RID=8F3FF5XD013"",""P40242.1"")"
RecName: Full=Major prion protein; Short=PrP; AltName: CD_antigen=CD230; Flags: Precursor [Tragelaphus imberbis],Tragelaphus imberbis,190,283,73%,1e-58,89.13,264,"=HYPERLINK(""https://www.ncbi.nlm.nih.gov/protein/Q5UJG3.1?report=genbank&log$=prottop&blast_rank=50&RID=8F3FF5XD013"",""Q5UJG3.1"")"



		


